date,index,targetAt,originalRaw,currentCloseRaw,finalRaw,originalEffective,currentCloseEffective,finalEffective,spy_referencePrice,spy_currentClose,spy_priorAtr14Pct,spy_downsideExcursionPct,spy_acuteCloseDownsidePct,spy_acuteCloseDownsideAtrRatio,spy_shockAtrRatio,spy_realizedMovement60AtrRatio,spy_sessionDrawdownPct,spy_sessionDrawdownAtrRatio,spy_openToCurrentPct,rsp_referencePrice,rsp_currentClose,rsp_priorAtr14Pct,rsp_downsideExcursionPct,rsp_acuteCloseDownsidePct,rsp_acuteCloseDownsideAtrRatio,rsp_shockAtrRatio,rsp_realizedMovement60AtrRatio,rsp_sessionDrawdownPct,rsp_sessionDrawdownAtrRatio,rsp_openToCurrentPct
2022-01-24,11,2022-01-24T17:15:00.000Z,ELEVATED,ELEVATED,HIGH,ELEVATED,ELEVATED,HIGH,425.82,422.52,0.016476177649410284,0.009229251796533763,0.007749753416936761,0.4703611226972987,0.5601573370304184,0.6307540113916751,0.02523877635768006,1.53183443968167,-0.02201236025276021,149.56,148.73,0.015566349008860501,0.006987162342872532,0.005549612195774355,0.3565134118871077,0.44886327159280437,0.5746554209009489,0.018996108436119145,1.2203316542181082,-0.015293961864406791
2022-01-26,24,2022-01-26T20:30:00.000Z,ELEVATED,ELEVATED,HIGH,HIGH,HIGH,HIGH,431.42,432.96,0.019402762038526335,0.0059338927263455615,0,0,0.4945799533248189,0.7733366803229025,0.024952706963336728,1.286038911047322,-0.017607551279724243,151.07,151.2715,0.018371616466338517,0.006122989342688707,0,0,0.4449808876894665,0.7760130905066199,0.02629937569718324,1.4315221388041928,-0.01822754413291805
2022-01-26,25,2022-01-26T20:45:00.000Z,ELEVATED,ELEVATED,HIGH,ELEVATED,ELEVATED,HIGH,432.96,432.68,0.019402762038526335,0.005450849963044986,0.0006467110125646081,0.033330873783871166,0.3856858252133982,0.6285273183822676,0.025583280785514848,1.3185380893048324,-0.018242875294971928,151.2715,151.48,0.018371616466338517,0.003050806001130424,0,0,0.352631895825042,0.6203051875537596,0.024957308089159757,1.3584709943672026,-0.016874350986500697
2022-01-27,16,2022-01-27T18:30:00.000Z,ELEVATED,ELEVATED,HIGH,ELEVATED,ELEVATED,HIGH,432.16,430.32,0.02056409325656484,0.0048130322102925786,0.004257682339874194,0.20704449677181755,0.3296958562725089,0.33138122864016295,0.025521411263841987,1.2410666954982117,-0.018117099438689332,150.79,150.17,0.019654476282440297,0.004310630678426989,0.004111678493268814,0.20919806939563534,0.313797104093453,0.3300625711391578,0.02796297494983508,1.4227280619437193,-0.019329981061842916
2022-01-27,17,2022-01-27T18:45:00.000Z,ELEVATED,ELEVATED,HIGH,ELEVATED,ELEVATED,HIGH,430.32,431.09,0.02056409325656484,0.0006042015244469021,0,0,0.2147101152192624,0.30539355088373155,0.023777712357616797,1.1562733187871557,-0.01636015150823711,150.17,150.43,0.019654476282440297,0.0004661383765065804,0,0,0.2134498690411669,0.2898332081400814,0.026280018124150442,1.337100910067471,-0.017632077319924222
2022-01-27,20,2022-01-27T19:30:00.000Z,ELEVATED,ELEVATED,HIGH,ELEVATED,ELEVATED,HIGH,432.93,430.86,0.02056409325656484,0.005566719793038193,0.004781373432194565,0.23251078336109807,0.28867280832754705,0.2883337332140412,0.02429855748545022,1.1816012105320128,-0.01688495413681368,151.08,150.33,0.019654476282440297,0.005229017738946388,0.004964257347100873,0.25257642461509083,0.2862532812304344,0.31004183771130495,0.02692730921095214,1.3700344300198697,-0.01828511722066206
2022-01-27,22,2022-01-27T20:00:00.000Z,ELEVATED,ELEVATED,HIGH,ELEVATED,ELEVATED,HIGH,432.31,431.11,0.02056409325656484,0.004903888413407056,0.0027757858943813205,0.1349821681777865,0.318332946619281,0.3320545461090906,0.023732421476935533,1.154070893418033,-0.016314516497056508,150.94,150.455,0.019654476282440297,0.005233867762024593,0.0032131972969390832,0.16348424912292464,0.3260583797455854,0.38567818721471037,0.026118195352449972,1.3288675300793689,-0.017468817344739707
2022-01-27,23,2022-01-27T20:15:00.000Z,ELEVATED,ELEVATED,HIGH,ELEVATED,ELEVATED,HIGH,431.11,430.28,0.02056409325656484,0.002435573287560046,0.0019252626939761104,0.09362254245571919,0.30342727615165294,0.3283728429664413,0.025611993025204383,1.2454715462364507,-0.018208369461050533,150.455,150.1,0.019654476282440297,0.00262536971187405,0.0023595094878868642,0.12004947137639568,0.33816752500391417,0.3841314382911337,0.02841607871059625,1.4457815259103974,-0.01978710899235947
2022-02-11,25,2022-02-11T20:45:00.000Z,ELEVATED,ELEVATED,HIGH,ELEVATED,ELEVATED,HIGH,441.08,440.017,0.019537846528050875,0.00485172757776364,0.002409993651945199,0.12335001446987123,0.27965525387807716,0.12807125827994495,0.025659591900001156,1.3133275391001342,-0.020900736521216823,155.46,155.1,0.018350668416594426,0.00463141644152836,0.0023157082207642715,0.1261920366165075,0.2769214136862115,0.1439252536676148,0.02157456472369427,1.1756827726332022,-0.015113030226060475
2022-02-23,25,2022-02-23T20:45:00.000Z,ELEVATED,ELEVATED,HIGH,ELEVATED,ELEVATED,HIGH,423.66,422.26,0.02006361984974956,0.003422555823065773,0.003304536656753137,0.1647029141052224,0.19293769938040378,0.21800194955559912,0.025388911969717952,1.2654203059990126,-0.02403735034438137,150.32,149.83,0.018567503403228,0.0033927621075039312,0.003259712613091942,0.17556009239913398,0.19347438754190752,0.21948758138573582,0.0234634686827869,1.2636846307892815,-0.020782955362394495
2022-03-07,23,2022-03-07T20:15:00.000Z,ELEVATED,ELEVATED,HIGH,ELEVATED,ELEVATED,HIGH,421.7599,420.765,0.02131056038469367,0.0028686937757714864,0.002358925066133669,0.1106927750162764,0.16800290509053312,0.16848713658828335,0.026686911782463147,1.2522857822936955,-0.02499131039277025,149.9001,149.6223,0.02036959814283407,0.0022688443836929176,0.0018532342540132619,0.09098040329603758,0.13755136567434417,0.1597132948543274,0.024308444734268006,1.1933688904324116,-0.022970484523964996
2022-03-07,25,2022-03-07T20:45:00.000Z,ELEVATED,ELEVATED,HIGH,ELEVATED,ELEVATED,HIGH,421.57,421.32,0.02131056038469367,0.002846502360224847,0.0005930213250468487,0.027827580051474708,0.1357985906511933,0.14542299359047323,0.025403086454879487,1.192042161083914,-0.023705248522766786,149.92,149.86,0.02036959814283407,0.0025353521878335034,0.0004002134471716506,0.01964758677934173,0.12446746224718372,0.13882943481156115,0.02275839582654047,1.1172726956592791,-0.021418310043097688
2022-03-16,19,2022-03-16T18:15:00.000Z,ELEVATED,ELEVATED,HIGH,ELEVATED,ELEVATED,HIGH,431.3465,426.7,0.02258895645868149,0.011119830577041846,0.01077208230506102,0.4768738354409925,0.49226844973479167,0.48058827822631156,0.018064664595558676,0.7997122234752896,-0.007420502919351479,153.06,151.65,0.020578257435659178,0.009800078400627205,0.009212073696589551,0.4476605332299102,0.47623460981905447,0.4516501764193484,0.0167920124481328,0.8160075021238019,-0.005378107168623303
2022-04-21,23,2022-04-21T19:15:00.000Z,ELEVATED,ELEVATED,HIGH,ELEVATED,ELEVATED,HIGH,439.22,438.28,0.0155557137951322,0.0030053276262466417,0.0021401575520241666,0.13758015737560556,0.1967249888601535,0.20798629720868556,0.02606608742027959,1.6756600027210817,-0.022874214116912706,157,156.7198,0.014291933187518278,0.0028025477707006225,0.001784713375796228,0.12487557507999618,0.19609298013988763,0.21990405203815405,0.023400529677519877,1.6373243122880328,-0.022029329173167023
2022-04-21,25,2022-04-21T19:45:00.000Z,ELEVATED,ELEVATED,HIGH,ELEVATED,ELEVATED,HIGH,439.48,438.48,0.0155557137951322,0.004459816146354866,0.00227541640120142,0.14627528065690298,0.29840157254008504,0.29326858897608976,0.02562165285215878,1.6470894996908776,-0.0224283230035226,157.21,156.825,0.014291933187518278,0.004325424591311028,0.0024489536289041365,0.17135216046510113,0.3070986771971778,0.3462896554744214,0.02274497585293663,1.5914555123166079,-0.021372854914196604
2022-04-29,23,2022-04-29T19:15:00.000Z,ELEVATED,ELEVATED,HIGH,ELEVATED,ELEVATED,HIGH,415.66,414.115,0.019822658305276093,0.004234229899437155,0.003716980224221758,0.18751169328446876,0.2233148968565857,0.2162389067730843,0.027602319956794318,1.3924630860154388,-0.02236832786420828,148.88,148.31,0.018261283138377146,0.0043659322944653795,0.0038285867813003306,0.20965595639083726,0.23908135377902986,0.249232663962324,0.026006435936166073,1.4241297141662537,-0.02053889842821277
2022-04-29,24,2022-04-29T19:30:00.000Z,ELEVATED,ELEVATED,HIGH,ELEVATED,ELEVATED,HIGH,414.115,414.07,0.019822658305276093,0.00025355275708442866,0.00010866546732191762,0.005481881675425677,0.1449653154167608,0.2095084324599122,0.027707986005118958,1.397793655038894,-0.022474562666729536,148.31,148.28,0.018261283138377146,0.0005056975254533654,0.0002022790101813845,0.011076933019908301,0.1310770407355728,0.24775059501856656,0.02620345439022794,1.4349185756372103,-0.02073702285034995
2022-04-29,25,2022-04-29T19:45:00.000Z,ELEVATED,ELEVATED,HIGH,ELEVATED,ELEVATED,HIGH,414.07,414.08,0.019822658305276093,0.0006037626488274929,0,0,0.16203766630569919,0.2007570476002755,0.027684504661046844,1.3966090841447942,-0.022450954932835998,148.28,148.3,0.018261283138377146,0.0007418397626113679,0,0,0.17357372763370896,0.2389147083113758,0.026072108754186633,1.4277260013232358,-0.020604939902258423
2022-05-02,21,2022-05-02T18:45:00.000Z,ELEVATED,ELEVATED,HIGH,ELEVATED,ELEVATED,HIGH,406.285,405.5016,0.021991038287888728,0.0031135779071342607,0.0019282031086553248,0.08768131287904024,0.21377496502292942,0.17820591713980632,0.025049047893825782,1.1390570816122498,-0.015940010192443066,145.21,144.86,0.019949093275729874,0.0032366916879002744,0.0024103023207767667,0.1208226503060742,0.21402869482790793,0.2287966719785107,0.026674729557212916,1.337139948594329,-0.018563685636856286
2022-05-05,10,2022-05-05T16:00:00.000Z,ELEVATED,ELEVATED,HIGH,ELEVATED,ELEVATED,HIGH,415.45,412.335,0.021988161201008497,0.007630280418823001,0.0074978938500421454,0.3409968565128698,0.349207053700183,0.40685436661522556,0.02980000000000005,1.355274764796306,-0.02877164056059367,149.24,148.12,0.020424698223289472,0.007839721254355506,0.00750469043151973,0.3674321328754042,0.38383535309305983,0.4510451070058822,0.026487019388761097,1.2968132551676579,-0.02494898295043113
2022-05-05,11,2022-05-05T16:15:00.000Z,ELEVATED,ELEVATED,HIGH,ELEVATED,ELEVATED,HIGH,412.335,413.66,0.021988161201008497,0.003213406574751085,0,0,0.3672866312904393,0.3793431088156963,0.02668235294117641,1.2134872351196249,-0.025650688964786172,148.12,148.54,0.020424698223289472,0.0035106670267351487,0,0,0.3594016247876748,0.4162380965297132,0.023726585606309653,1.1616615015273601,-0.02218418800605626
2022-05-05,12,2022-05-05T16:30:00.000Z,ELEVATED,ELEVATED,HIGH,ELEVATED,ELEVATED,HIGH,413.66,414.061,0.021988161201008497,0.0015955132234202606,0,0,0.21110154303402642,0.3816304258271126,0.025738823529411814,1.170576443119368,-0.02470615946296084,148.54,148.6167,0.020424698223289472,0.0018850141376060398,0,0,0.1911740432831299,0.41346645002716625,0.0232224778179428,1.1369802169935186,-0.021679283786452452
2022-05-05,13,2022-05-05T16:45:00.000Z,ELEVATED,ELEVATED,HIGH,ELEVATED,ELEVATED,HIGH,414.061,412.82,0.021988161201008497,0.003987335199402875,0.0029971429330460622,0.13630712025654046,0.2636076459433504,0.3976931183842373,0.02865882352941178,1.303375178461823,-0.02762925450476983,148.6167,148.2,0.020424698223289472,0.0034094418729523333,0.0028038571708295236,0.13727777713907158,0.24049142623353978,0.4168502894228466,0.025961222477818055,1.2710700639980816,-0.024422355341978896
2022-05-05,18,2022-05-05T18:00:00.000Z,ELEVATED,ELEVATED,HIGH,ELEVATED,ELEVATED,HIGH,414.765,413.45,0.021988161201008497,0.004665292394488451,0.0031704700251949844,0.14418986636543166,0.2686427168025145,0.14976996271317225,0.02717647058823532,1.2359592209551773,-0.02614533034978217,149.095,148.65,0.020424698223289472,0.0044602434689291525,0.0029846742010127313,0.1461306389148715,0.2594229320061777,0.1551707164312628,0.023003614853762733,1.1262646136691814,-0.021460075044434146
2022-05-05,19,2022-05-05T18:15:00.000Z,ELEVATED,ELEVATED,HIGH,ELEVATED,ELEVATED,HIGH,413.45,413.37,0.021988161201008497,0.0018865642762122936,0.00019349377191917787,0.008799906920379644,0.13639855726591263,0.14992793350319178,0.02736470588235293,1.2445199774639562,-0.02633376516311392,148.65,148.55,0.020424698223289472,0.0018836192398251,0.0006727211570803519,0.03293665099606097,0.13504026908385652,0.15275905563615147,0.02366086099244163,1.1584436026311562,-0.022118359554999523
2022-05-05,20,2022-05-05T18:30:00.000Z,ELEVATED,ELEVATED,HIGH,ELEVATED,ELEVATED,HIGH,413.37,411.9899,0.021988161201008497,0.0035077533444613507,0.0033386554418560303,0.15183877411736008,0.3586656065666131,0.21010032945876617,0.030612000000000052,1.3922037281860575,-0.0295845012366035,148.55,148,0.020424698223289472,0.0037024570851565894,0.0037024570851565894,0.1812735270151911,0.3856182301959399,0.23520844802742585,0.02727571475517585,1.3354280419220312,-0.02573892436310976
2022-05-05,21,2022-05-05T18:45:00.000Z,ELEVATED,ELEVATED,HIGH,ELEVATED,ELEVATED,HIGH,411.9899,412.3,0.021988161201008497,0.0009949273028294948,0,0,0.128050862376385,0.21235575517418326,0.029882352941176443,1.3590200957688938,-0.028854080791426262,148,148.04,0.020424698223289472,0.0010810810810810581,0,0,0.1124764377021641,0.23552956894135318,0.02701281629970433,1.3225564463372432,-0.025475610558883588
2022-05-05,22,2022-05-05T19:00:00.000Z,ELEVATED,ELEVATED,HIGH,ELEVATED,ELEVATED,HIGH,412.3,412.77,0.021988161201008497,0.0002910502061605737,0,0,0.21619907142293332,0.1642924640531134,0.028776470588235337,1.308725651279812,-0.027747026263102215,148.04,148.3699,0.020424698223289472,0,0,0,0.24804275046768146,0.2145322265894653,0.02484456128820246,1.2163979617516794,-0.023303929958528036
2022-05-05,23,2022-05-05T19:15:00.000Z,ELEVATED,ELEVATED,HIGH,ELEVATED,ELEVATED,HIGH,412.77,410.2399,0.021988161201008497,0.006335247232114759,0.006129563679530985,0.2787665427543732,0.32227664422613467,0.3234584374259886,0.03472964705882358,1.5794702768156297,-0.033706512778235886,148.3699,147.5301,0.020424698223289472,0.005660177704507429,0.005660177704507429,0.2771241779255937,0.2903567089268024,0.3489083880584324,0.030364114360828136,1.486637111054358,-0.028832203278256863
2022-05-05,24,2022-05-05T19:30:00.000Z,ELEVATED,ELEVATED,HIGH,ELEVATED,ELEVATED,HIGH,410.2399,410.03,0.021988161201008497,0.0012429312702152062,0.0005116518407887791,0.02326942376451706,0.18180969496811253,0.2865515895941456,0.03522352941176477,1.6019315617055432,-0.03420091861971508,147.5301,147.44,0.020424698223289472,0.0015596817191881052,0.0006107228287651587,0.029901192276553478,0.18916403548983357,0.29961817862166806,0.0309562931317779,1.515630380109101,-0.029425317622276292
2022-05-05,25,2022-05-05T19:45:00.000Z,ELEVATED,ELEVATED,HIGH,ELEVATED,ELEVATED,HIGH,410.03,411.68,0.021988161201008497,0.0014389191034801722,0,0,0.3405131043713648,0.3382800351353557,0.03134117647058822,1.4253659587119427,-0.030314450594747355,147.44,147.9,0.020424698223289472,0.0017634291915354782,0,0,0.32210744543189057,0.33604928517659294,0.027932960893854747,1.367607030884006,-0.026397208873675138
2022-05-06,1,2022-05-06T13:45:00.000Z,ELEVATED,ELEVATED,HIGH,ELEVATED,ELEVATED,HIGH,411.1,407.75,0.024556667791595377,0.00839211870591108,0.008148868888348388,0.33183935856058505,0.40811288276704555,,0.009762731622021958,0.3975592985528474,-0.008148868888348426,147.77,146.26,0.022457217550751897,0.010286255667591596,0.01021858293293645,0.4550244441388652,0.4580378510536894,,0.01021858293293645,0.4550244441388652,-0.010218582932936426
2022-05-10,10,2022-05-10T16:00:00.000Z,ELEVATED,ELEVATED,HIGH,ELEVATED,ELEVATED,HIGH,398.02,397.41,0.026178610306744857,0.00565298226219788,0.001532586302195761,0.058543455295672966,0.22073761832796396,0.2620420717339255,0.02135047281323867,0.8155693737393604,-0.01750352295483193,141.84,141.62,0.024183096416598833,0.0053581500282007255,0.00155104342921601,0.0641375034237304,0.23252760332166772,0.23998906646262672,0.025528108442854247,1.0556178581553446,-0.021488288537276246
2022-05-10,11,2022-05-10T16:15:00.000Z,ELEVATED,ELEVATED,HIGH,ELEVATED,ELEVATED,HIGH,397.41,396.88,0.026178610306744857,0.003220855036360508,0.0013336352884930664,0.05094370071086082,0.22780485034855405,0.12914835040099007,0.02265563435776199,0.8654254023531883,-0.0188138149274395,141.62,141.43,0.024183096416598833,0.003248128795367942,0.0013416184154780237,0.055477528285301024,0.24234920250947947,0.09010621434632302,0.026835477877933018,1.1096791500824368,-0.022801077869135544
2022-05-10,12,2022-05-10T16:30:00.000Z,ELEVATED,ELEVATED,HIGH,ELEVATED,ELEVATED,HIGH,396.88,396.39,0.026178610306744857,0.0021669018343076336,0.0012346301148962132,0.04716178973710127,0.17228490536614424,0.1121148477989311,0.023862293144208034,0.9115187118263482,-0.020025216939850266,141.43,141.21,0.024183096416598833,0.0025454288340522775,0.0015555398430318805,0.06432343552020024,0.20758926917883141,0.11036304132625427,0.028349274065918972,1.1722764354717021,-0.024321149727077884
2022-05-10,13,2022-05-10T16:45:00.000Z,ELEVATED,ELEVATED,HIGH,ELEVATED,ELEVATED,HIGH,396.39,396.33,0.026178610306744857,0.003960745730215175,0.00015136607886173282,0.005782051724217527,0.205262836209714,0.09099595229141964,0.024010047281323877,0.9171627905373474,-0.02017355188014547,141.21,141.16,0.024183096416598833,0.0038949082926139178,0.0003540825720558839,0.01464173842572319,0.21084103333036566,0.1074395660421424,0.028693318654097678,1.186503091241993,-0.024666620603883027
2022-05-10,14,2022-05-10T17:00:00.000Z,ELEVATED,ELEVATED,HIGH,ELEVATED,ELEVATED,HIGH,396.33,395.95,0.026178610306744857,0.0017914364292382094,0.0009587969621275086,0.036625204733670556,0.19565569897197665,0.07870408373934074,0.024945823483057517,0.9529086223736745,-0.021113006502014975,141.16,141.045,0.024183096416598833,0.0021252479455935317,0.000814678379144298,0.03368792668688687,0.20798632997988775,0.0925446779148109,0.029484621206908587,1.2192243995136571,-0.025461203620534834
2022-05-10,15,2022-05-10T17:15:00.000Z,ELEVATED,ELEVATED,HIGH,ELEVATED,ELEVATED,HIGH,395.95,397.13,0.026178610306744857,0.0008081828513701053,0,0,0.23153908149639876,0.12868033562044914,0.022039992119779327,0.8419084077240255,-0.018195752676209542,141.045,141.42,0.024183096416598833,0.0008862419795100855,0,0,0.26330256740876007,0.13256656851037082,0.026904286795568874,1.1125244812364998,-0.022870172044496706
2022-05-11,18,2022-05-11T18:00:00.000Z,ELEVATED,ELEVATED,HIGH,ELEVATED,ELEVATED,HIGH,394.63,393.52,0.026267971144331173,0.0034969465068545105,0.002812761320730846,0.10707950398132902,0.16303095651211133,0.1710113205575153,0.02603702603702613,0.9912081102101072,-0.011430150476047007,141.49,141.14,0.024854722279162036,0.0031804367799845713,0.0024736730510991783,0.09952527424428646,0.16208401805497638,0.16962874461953886,0.02574722164699398,1.035908643750174,-0.009474349077128408
2022-05-11,25,2022-05-11T19:45:00.000Z,ELEVATED,ELEVATED,HIGH,ELEVATED,ELEVATED,HIGH,394.69,393.37,0.026267971144331173,0.00405381438597386,0.0033443968684283695,0.12731843087737346,0.20544564982485877,0.28162196977446063,0.026408276408276445,1.0053413056978917,-0.01180696862360886,141.64,141.05,0.024854722279162036,0.004730302174526882,0.004165489974583275,0.16759350306945825,0.23292656358806854,0.29440118806699184,0.02636846828190787,1.0609037584787235,-0.010105972348936731
2022-05-12,21,2022-05-12T18:45:00.000Z,NORMAL,NORMAL,HIGH,NORMAL,NORMAL,HIGH,386.96,385.62,0.02698239517175315,0.004664564812900576,0.0034628902212114304,0.1283388742611182,0.19298718778818175,0.14916142811090757,0.02572006063668521,0.9532163647062204,-0.00963094229139383,139.4999,139.07,0.025590086289108235,0.00422867686643503,0.0030817226392277236,0.12042642625005058,0.1904860894394849,0.15133288005123188,0.02235500878734627,0.8735808287157323,-0.0066428571428571725
2022-05-12,22,2022-05-12T19:00:00.000Z,NORMAL,NORMAL,HIGH,NORMAL,NORMAL,HIGH,385.62,385.7349,0.02698239517175315,0.0012188164514289385,0,0,0.12686268020987396,0.13690753555086962,0.025429762506316397,0.9424575670338509,-0.009335850219585495,139.07,139.04,0.025590086289108235,0.0013662184511396976,0.00021571870281154195,0.00842977629596181,0.12355242124448014,0.12961023037903815,0.022565905096660864,0.8818221572885224,-0.006857142857142895
2022-05-18,17,2022-05-18T17:45:00.000Z,ELEVATED,ELEVATED,HIGH,ELEVATED,ELEVATED,HIGH,394.3699,393.655,0.024940414910875043,0.0022565109558309463,0.001812765122287477,0.07268383981443056,0.14843811180454208,0.2931482975178096,0.02512382367508677,1.0073538778270987,-0.02439900867410172,142.27,142.02,0.023580349472929692,0.002319533281788237,0.0017572221831728403,0.07452061663420792,0.15202205793378143,0.2827949769592141,0.02452091489800119,1.0398876796186276,-0.02431986809563058
2022-05-18,18,2022-05-18T18:00:00.000Z,ELEVATED,ELEVATED,HIGH,ELEVATED,ELEVATED,HIGH,393.655,393.01,0.024940414910875043,0.003035653046449285,0.0016384905564516693,0.06569620282207976,0.13801295321538262,0.27142132791451,0.026721149083704855,1.0713995408333539,-0.025997521685254044,142.02,141.7072,0.023580349472929692,0.003098155189409926,0.0022025066891987743,0.09340432768934397,0.13138716171134857,0.27437393340670674,0.02666941410811184,1.1310016477375961,-0.02646881011266833
2022-05-18,19,2022-05-18T18:15:00.000Z,ELEVATED,ELEVATED,HIGH,ELEVATED,ELEVATED,HIGH,393.01,392.79,0.024940414910875043,0.0010432304521512637,0.0005597821938372317,0.02244478272866037,0.08977913091465307,0.10216495325274905,0.027265973254086157,1.0932445731765703,-0.026542750929367975,141.7072,141.64,0.023580349472929692,0.0008976255264375258,0.00047421725925015745,0.020110696823834616,0.08977989653495227,0.12349150609006258,0.027130984270897843,1.1505760040598334,-0.026930475405331222
2022-05-18,21,2022-05-18T18:45:00.000Z,ELEVATED,ELEVATED,HIGH,ELEVATED,ELEVATED,HIGH,393.72,392.279,0.024940414910875043,0.004698770699989898,0.0036599613938840567,0.14674821597647775,0.20571228054994867,0.18806153527957925,0.028531451213472052,1.1439846255737778,-0.02780916976456016,142.0682,141.5399,0.023580349472929692,0.00463298612919706,0.003718636542167787,0.15770065437057207,0.19701387825965688,0.22457793004456467,0.027818531492547666,1.179733638998159,-0.027618164330860173
2022-05-18,22,2022-05-18T19:00:00.000Z,ELEVATED,ELEVATED,HIGH,ELEVATED,ELEVATED,HIGH,392.279,391.6851,0.024940414910875043,0.002164275936259625,0.001513973472961895,0.06070362014313324,0.1441187142647132,0.18637617735363654,0.030002228826151642,1.202956283340316,-0.02928104089219341,141.5399,141.37,0.023580349472929692,0.0016949284265424618,0.0012003682353879308,0.05090544721425596,0.12254460218147269,0.21048097963494633,0.0289855072463768,1.2292229714259428,-0.028785380599065657
2022-05-18,23,2022-05-18T19:15:00.000Z,ELEVATED,ELEVATED,HIGH,ELEVATED,ELEVATED,HIGH,391.6851,391.6856,0.024940414910875043,0.00017897030037641995,0,0,0.10941990967580724,0.1850197660601689,0.030000990589400665,1.2029066355395317,-0.029279801734820254,141.37,141.41,0.023580349472929692,0.00007073636556547291,0,0,0.09257387147117437,0.2098613437420258,0.028710763101861436,1.2175715688531874,-0.028510579829623572
2022-05-18,24,2022-05-18T19:30:00.000Z,ELEVATED,ELEVATED,HIGH,ELEVATED,ELEVATED,HIGH,391.6856,390.85,0.024940414910875043,0.002516303892714038,0.002133343681769254,0.08553761793429622,0.1678813947011067,0.18037919805891126,0.0320703318474492,1.2858780402031413,-0.03135068153655507,141.41,141.08,0.023580349472929692,0.0028286542677321666,0.0023336397708788917,0.09896544466221405,0.17552871139635895,0.1933882134930701,0.030977402294113544,1.3136956400784343,-0.03077768617752119
2022-05-18,25,2022-05-18T19:45:00.000Z,ELEVATED,ELEVATED,HIGH,ELEVATED,ELEVATED,HIGH,390.85,391.46,0.024940414910875043,0.00035819368044017705,0,0,0.20824867529033472,0.12213730255652838,0.030559683011391857,1.2253077232514917,-0.029838909541511804,141.08,141.39,0.023580349472929692,0.0004961723844628692,0,0,0.23173005110003866,0.1456466573417286,0.02884813517411922,1.2233972701395694,-0.02864798021434467
2022-05-20,7,2022-05-20T15:15:00.000Z,NORMAL,NORMAL,HIGH,NORMAL,NORMAL,HIGH,387.561,386.63,0.02686176498926608,0.004337381728295632,0.0024022024919947652,0.08942831913519762,0.30161645766329154,0.31323122506918455,0.026194494118832276,0.9751590831540503,-0.01683407501589318,140.24,139.895,0.02547428581251886,0.004135767256132433,0.002460068454078714,0.09657065450956664,0.18474386080090974,0.2921557597421258,0.018762713053236887,0.7365353906807587,-0.017315257094689507
2022-05-20,8,2022-05-20T15:30:00.000Z,NORMAL,NORMAL,HIGH,NORMAL,NORMAL,HIGH,386.63,386.57,0.02686176498926608,0.0029744199881022613,0.00015518712981403996,0.0057772499266542056,0.13480249828859084,0.3110725001979189,0.02634561620028708,0.9807850009414776,-0.016986649713922497,139.895,139.85,0.02547428581251886,0.002680581864970156,0.00032166982379653247,0.012627236192759283,0.11504815197843182,0.2923756991315271,0.01907834747843164,0.7489257056641778,-0.017631357122787406
2022-05-20,9,2022-05-20T15:45:00.000Z,ELEVATED,ELEVATED,HIGH,ELEVATED,ELEVATED,HIGH,386.57,385.99,0.02686176498926608,0.001655586310370661,0.0015003750937734022,0.055855417332887465,0.14637008414527305,0.3136281450530732,0.02780646298768346,1.035168872886606,-0.018461538461538418,139.85,139.67,0.02547428581251886,0.0012870933142653332,0.0012870933142653332,0.05052519720230254,0.13754081460626535,0.29624053279211415,0.020340885179210254,0.7984869655978385,-0.018895757235178556
2022-05-20,10,2022-05-20T16:00:00.000Z,ELEVATED,ELEVATED,HIGH,ELEVATED,ELEVATED,HIGH,385.99,386.2,0.02686176498926608,0.00015544444156584956,0,0,0.12827471027138576,0.10752138883216689,0.027277535702591706,1.0154781606306127,-0.01792752701843614,139.67,139.77,0.02547428581251886,0.00017899334144753538,0,0,0.13069163844001075,0.1132610521944008,0.019639475345444225,0.7709529323013552,-0.018193312728294497
2022-05-20,11,2022-05-20T16:15:00.000Z,ELEVATED,ELEVATED,HIGH,ELEVATED,ELEVATED,HIGH,386.2,384.72,0.02686176498926608,0.006809943034697037,0.0038322112894872123,0.14266416562793094,0.26918221791622304,0.1546495682094355,0.031005213711810056,1.1542507993871471,-0.021691036236490713,139.77,139.31,0.02547428581251886,0.0062960578092582375,0.0032911211275667733,0.12919385264765357,0.26619550769444356,0.14210287187006548,0.02286596058076728,0.8976094854651522,-0.021424557459960747
2022-05-20,12,2022-05-20T16:30:00.000Z,ELEVATED,ELEVATED,HIGH,ELEVATED,ELEVATED,HIGH,384.72,384.44,0.02686176498926608,0.0017415263048451233,0.0007278020378457828,0.02709434909197558,0.0861213238994834,0.15689874468384948,0.03171045009193254,1.1805050823951437,-0.022403051493960602,139.31,139.33,0.02547428581251886,0.0008613882707630791,0,0,0.07889940388931542,0.14165288523512204,0.022725678614014033,0.8921026788058539,-0.02128406855858389
2022-05-20,13,2022-05-20T16:45:00.000Z,ELEVATED,ELEVATED,HIGH,ELEVATED,ELEVATED,HIGH,384.44,382.47,0.02686176498926608,0.005161793777962735,0.005124336697533999,0.1907669395358673,0.23380086234284517,0.24060218963637395,0.03667229176636513,1.365222716415668,-0.02741258741258734,139.33,138.75,0.02547428581251886,0.004162779013852096,0.004162779013852096,0.1634110194291051,0.20003762723217827,0.21027578465900992,0.026793855649856164,1.0518000719254248,-0.025358246698510944
2022-05-20,14,2022-05-20T17:00:00.000Z,ELEVATED,ELEVATED,HIGH,ELEVATED,ELEVATED,HIGH,382.47,382.97,0.02686176498926608,0.0015687504902345876,0,0,0.1644957885651321,0.24463791258677053,0.03541294108757511,1.318340068187108,-0.026141131595676992,138.75,138.95,0.02547428581251886,0.0011531531531531285,0,0,0.1612648981935033,0.2159345791361784,0.025391035982324506,0.9967320053324736,-0.02395335768474305
2022-05-20,15,2022-05-20T17:15:00.000Z,ELEVATED,ELEVATED,HIGH,ELEVATED,ELEVATED,HIGH,382.97,381.74,0.02686176498926608,0.004386766587461176,0.0032117398229626814,0.11956547993946369,0.16914141064606344,0.2319278942120865,0.038510943757398594,1.4336713828293677,-0.029268912905276556,138.95,138.5,0.02547428581251886,0.004174163368117914,0.003238575026988044,0.12713114121521346,0.16385791534405253,0.21470681864220478,0.02854738023427084,1.1206351551666176,-0.027114357965720814
2022-05-20,17,2022-05-20T17:45:00.000Z,ELEVATED,ELEVATED,HIGH,SEVERE,SEVERE,SEVERE,380.66,382.94,0.02686176498926608,0.00031524194819525177,0,0,0.26943239694814425,0.27834635781263334,0.03548850212830259,1.3211530270808245,-0.02621741894469165,138.14,138.925,0.02547428581251886,0.0001447806573040525,0,0,0.26967751871997003,0.28202330537578374,0.02556638844076581,1.0036155136565865,-0.02412896881146387
2022-05-20,18,2022-05-20T18:00:00.000Z,ELEVATED,ELEVATED,HIGH,HIGH,HIGH,HIGH,382.94,383.46,0.02686176498926608,0.000992322557058535,0,0,0.14679513718880016,0.27868204320595186,0.034178777422361015,1.2723950729231235,-0.024895104895104936,138.925,139,0.02547428581251886,0.0012596724851539416,0,0,0.13845659832777546,0.27710014626877694,0.02504033106544149,0.9829649886842319,-0.023602135431301074
2022-05-20,19,2022-05-20T18:15:00.000Z,ELEVATED,ELEVATED,HIGH,HIGH,HIGH,HIGH,383.46,382.64,0.02686176498926608,0.0036248891670578065,0.0021384238251707954,0.07960846303380684,0.16795444030303466,0.2640175838820121,0.03624411253557663,1.3492826160179616,-0.026980292434837905,139,138.86,0.02547428581251886,0.002589928057554055,0.0010071942446042185,0.039537683294314445,0.16379897364789361,0.2493699909687957,0.026022304832713613,1.0215126352992963,-0.024585557740938513
2022-05-20,20,2022-05-20T18:30:00.000Z,ELEVATED,ELEVATED,HIGH,ELEVATED,ELEVATED,HIGH,382.64,382.39,0.02686176498926608,0.002665690988919041,0.0006533556345389923,0.02432288551404095,0.13134358177582334,0.24331880084292623,0.036873787874971635,1.3727239401322417,-0.027616020343293135,138.86,138.7916,0.02547428581251886,0.00237649431081674,0.0004925824571512698,0.019336457978704133,0.1272135393335295,0.22835953204166065,0.026502069159009645,1.0403459140740934,-0.025066029783647248
2022-05-20,21,2022-05-20T18:45:00.000Z,ELEVATED,ELEVATED,HIGH,ELEVATED,ELEVATED,HIGH,382.39,383.14,0.02686176498926608,0.002641282460315361,0,0,0.1820541297364812,0.12172099547790523,0.03498476185678661,1.3023999677894014,-0.025708836617927555,138.7916,139.08,0.02547428581251886,0.0028214964017994077,0,0,0.1951568911723999,0.09507836031267658,0.02447920319842871,0.9609377620470468,-0.02304017982579376
2022-05-20,22,2022-05-20T19:00:00.000Z,ELEVATED,ELEVATED,HIGH,ELEVATED,ELEVATED,HIGH,383.14,383.51,0.02686176498926608,0.0019053087644202156,0,0,0.23416662818346234,0.11641720667809981,0.034052842354481985,1.2677068081002663,-0.024767959313413912,139.08,139.23,0.02547428581251886,0.0015681622088008415,0,0,0.19986092599111777,0.10189817474923106,0.02342708844778006,0.9196367121023372,-0.02198651306546795
2022-05-20,23,2022-05-20T19:15:00.000Z,ELEVATED,ELEVATED,HIGH,ELEVATED,ELEVATED,HIGH,383.51,382.75,0.02686176498926608,0.002998618028213025,0.0019816953925581885,0.0737738340481376,0.17375679335021738,0.1125079428942177,0.035967055386242786,1.338968433407677,-0.026700572155117563,139.23,138.92,0.02547428581251886,0.0028011204481791737,0.0022265316382963606,0.08740310345431444,0.15735378076726514,0.12829385063356927,0.025601458932454274,1.004992215321417,-0.024164091036808277
2022-05-20,24,2022-05-20T19:30:00.000Z,ELEVATED,ELEVATED,HIGH,ELEVATED,ELEVATED,HIGH,382.75,385.27,0.02686176498926608,0.000026126714565619607,0,0,0.2470494959033828,0.2685935874429779,0.029619927965141152,1.1026798863357352,-0.02029243483788945,138.92,139.7587,0.02547428581251886,0,0,0,0.23736271139837026,0.2687977236217912,0.019718734656659808,0.7740642780638586,-0.01827268895757239
2022-06-28,15,2022-06-28T17:15:00.000Z,ELEVATED,ELEVATED,HIGH,ELEVATED,ELEVATED,HIGH,384.53,382.79,0.024360937010954643,0.004967102696798607,0.0045250045510102,0.18574837860199683,0.20789940650999833,0.2115479442532437,0.026376030114965927,1.0827182100222639,-0.01906567921482205,137.36,136.78,0.02351210243272626,0.004659289458357707,0.004222481071636666,0.17958755852302843,0.20745459346624862,0.22461387999597068,0.02258110618836642,0.9604035306062636,-0.01419819819819823
2022-06-28,17,2022-06-28T17:45:00.000Z,ELEVATED,ELEVATED,HIGH,ELEVATED,ELEVATED,HIGH,383.5301,383.0399,0.024360937010954643,0.002333845505215923,0.0012781265407852361,0.05246623067948853,0.11184661578960546,0.2162093665987213,0.02574041102858896,1.0566264761086157,-0.01842528765087259,137,136.78,0.02351210243272626,0.002627737226277472,0.0016058394160583858,0.06829841868259445,0.1117610487533412,0.22035835822665137,0.02258110618836642,0.9604035306062636,-0.01419819819819823
2022-06-28,18,2022-06-28T18:00:00.000Z,ELEVATED,ELEVATED,HIGH,ELEVATED,ELEVATED,HIGH,383.0399,383.085,0.024360937010954643,0.000417449983670091,0,0,0.06215699202078412,0.2087523090625981,0.02562569946077944,1.0519176437776616,-0.018309714783589226,136.78,136.75,0.02351210243272626,0.00040210557098996065,0.00021933031144905058,0.009328400642886231,0.04197780289299245,0.2041643353348442,0.02279548377876231,0.9695212856436651,-0.014414414414414378
2022-06-28,19,2022-06-28T18:15:00.000Z,ELEVATED,ELEVATED,HIGH,ELEVATED,ELEVATED,HIGH,383.085,382.0399,0.024360937010954643,0.003119412140908658,0.0027281151702624505,0.11198728394706943,0.2025222147736691,0.14702454948591814,0.028283904771594353,1.1610351752428747,-0.020987878943187432,136.75,136.35,0.02351210243272626,0.003071297989030987,0.002925045703839164,0.12440596123670429,0.18349879282412843,0.15782340712861295,0.025653851650707472,1.091091352809017,-0.017297297297297343
2022-06-28,20,2022-06-28T18:30:00.000Z,ELEVATED,ELEVATED,HIGH,ELEVATED,ELEVATED,HIGH,382.0399,381.8601,0.024360937010954643,0.0013346773465285067,0.00047063147069193606,0.019319103796389365,0.07306446374607836,0.12526150696423186,0.02874122494658672,1.1798078593472143,-0.021448632857545613,136.35,136.26,0.02351210243272626,0.0013934726806013769,0.0006600660066006851,0.02807345742428996,0.0655047339900099,0.14497122216522376,0.026296984421895146,1.1184446179212215,-0.017945945945946007
2022-06-28,21,2022-06-28T18:45:00.000Z,ELEVATED,ELEVATED,HIGH,ELEVATED,ELEVATED,HIGH,381.8601,381.17,0.024360937010954643,0.00301183601009901,0.0018072063564639842,0.07418459953536756,0.12469806616581892,0.13579799178728807,0.030496489978634675,1.2518603026197634,-0.023217077108371953,136.26,135.99,0.02351210243272626,0.0028621752531923263,0.0019815059445177003,0.08427599999563042,0.12173199999369232,0.1531483771928365,0.028226382735457974,1.2005044132578273,-0.019891891891891778
2022-06-28,23,2022-06-28T19:15:00.000Z,ELEVATED,ELEVATED,HIGH,HIGH,HIGH,HIGH,381.51,381.14,0.024360937010954643,0.002018295719640329,0.0009698304107362967,0.03981088290241803,0.12696443736446747,0.09381999529429898,0.03057279479092491,1.2549925635937942,-0.023293954847141474,136.13,136.05,0.02351210243272626,0.0019841328142215908,0.0005876735473443333,0.024994512890789227,0.1125065511496838,0.102139378032645,0.02779762755466619,1.182268903183024,-0.01945945945945937
2022-06-28,24,2022-06-28T19:30:00.000Z,ELEVATED,ELEVATED,HIGH,ELEVATED,ELEVATED,HIGH,381.14,381.4999,0.024360937010954643,0.0005509786430182598,0,0,0.10877844727171394,0.0996565937430822,0.029657391392817173,1.2174158727753706,-0.022371678241037363,136.05,136.18,0.02351210243272626,0.0004726203601617266,0,0,0.09825493434551955,0.10628236170081666,0.026868657996284056,1.1427586313542866,-0.01852252252252251
2022-06-28,25,2022-06-28T19:45:00.000Z,ELEVATED,ELEVATED,HIGH,ELEVATED,ELEVATED,HIGH,381.4999,381.045,0.024360937010954643,0.0016773267830476795,0.0011923987398162075,0.04894716238870487,0.10114383962493192,0.08260694022996491,0.03081442669651035,1.2649113900115458,-0.023537401019911308,136.18,135.94,0.02351210243272626,0.0020561022176531145,0.001762373329417015,0.07495600763307263,0.09994134351075758,0.09905503174361445,0.028583678719451194,1.2157006716534995,-0.020252252252252245
2022-09-02,25,2022-09-02T19:45:00.000Z,ELEVATED,ELEVATED,HIGH,ELEVATED,ELEVATED,HIGH,392.63,390.36,0.01665356847164884,0.00583246313322981,0.005781524590581417,0.3471643089842233,0.35022302536294486,0.434739977512297,0.027879119921305907,1.674062827361447,-0.024782652143499395,140,139.21,0.016344357210978638,0.005642857142857086,0.005642857142857086,0.3452480308657677,0.3452480308657677,0.4184054678897318,0.026162994053864855,1.6007355759632418,-0.021989602360545146
2022-09-13,25,2022-09-13T19:45:00.000Z,ELEVATED,ELEVATED,HIGH,ELEVATED,ELEVATED,HIGH,394.18,392.8,0.016601152077992128,0.004439596123598356,0.0035009386574661205,0.21088528320316136,0.2842366860564379,0.29498407751749606,0.02555197221533121,1.5391686128341078,-0.022472189731976178,141.56,141.17,0.016350926959787723,0.0037439954789488636,0.002755015541113413,0.16849292690799106,0.22897756733649247,0.2777829556889159,0.021995912570577515,1.34523948548438,-0.019380383439844495
2022-09-21,25,2022-09-21T19:45:00.000Z,ELEVATED,ELEVATED,HIGH,HIGH,HIGH,HIGH,381.55,378.98,0.019356612929442112,0.006788101166295457,0.006735683396671454,0.34797841033573773,0.41026248378105,0.7017246873390791,0.026534124476638114,1.370804105726511,-0.018466240190619265,136.15,135.175,0.019195253577155118,0.007161219243481412,0.007161219243481412,0.3730723959804421,0.38455154662599467,0.6708871672988805,0.026116714697406337,1.3605819059607875,-0.017909038070328176
2022-09-29,1,2022-09-29T13:45:00.000Z,ELEVATED,ELEVATED,HIGH,ELEVATED,ELEVATED,HIGH,366.81,363.356,0.02160317734212017,0.0095962487391292,0.009416319075270596,0.4358765808449575,0.48206385026859616,,0.010225817874751488,0.4733478651223214,-0.00941631907527063,129.97,128.5,0.022023495992930197,0.011310302377471715,0.011310302377471715,0.5135561756908374,0.5240369139702428,,0.011538461538461539,0.5239159823747112,-0.01131030237747177
2022-10-07,13,2022-10-07T16:45:00.000Z,ELEVATED,ELEVATED,HIGH,ELEVATED,ELEVATED,HIGH,364.31,363.86,0.02274026081382319,0.0015920507260299857,0.0012352117701956813,0.05431827630775586,0.07242436841033886,0.12418124707102456,0.02527047766461379,1.1112659556328637,-0.013849364446974044,130.48,130.26,0.022833032532867094,0.0019160024524831393,0.001686082158185154,0.07384398702879771,0.0839136216236342,0.12796266126090666,0.014674735249621769,0.6426976017529938,-0.013256571471858214
2022-10-07,14,2022-10-07T17:00:00.000Z,ELEVATED,ELEVATED,HIGH,ELEVATED,ELEVATED,HIGH,363.86,363.81,0.02274026081382319,0.001154290111581421,0.00013741548947400476,0.006042828206722835,0.055594019501834964,0.1242353864633018,0.02540442059903027,1.1171560786843575,-0.013984876819253644,130.26,130.26,0.022833032532867094,0.001151543067710558,0,0,0.0638820628403444,0.1275677885046375,0.014674735249621769,0.6426976017529938,-0.013256571471858214
2022-10-07,15,2022-10-07T17:15:00.000Z,ELEVATED,ELEVATED,HIGH,ELEVATED,ELEVATED,HIGH,363.81,363.78,0.02274026081382319,0.0019240812512025195,0.00008246062505161914,0.003626195219427455,0.08462330910395092,0.12411181133969693,0.02548478635968022,1.1206901525152564,-0.014066184242621516,130.26,130.266,0.022833032532867094,0.0013818516812527132,0,0,0.0739687043414519,0.1274077876740023,0.014629349470499226,0.6407098772114898,-0.013211120369668983
2022-10-07,16,2022-10-07T17:30:00.000Z,ELEVATED,ELEVATED,HIGH,ELEVATED,ELEVATED,HIGH,363.78,363.84,0.02274026081382319,0.00027489141788983974,0,0,0.06647363982992713,0.055251661043739256,0.02532405483838047,1.113622004853465,-0.013903569395885995,130.266,130.35,0.022833032532867094,0,0,0,0.06532480581574517,0.07908586977085239,0.01399394856278362,0.6128817336304312,-0.012574804939019746
2022-10-07,18,2022-10-07T18:00:00.000Z,ELEVATED,ELEVATED,HIGH,ELEVATED,ELEVATED,HIGH,364.095,363.43,0.02274026081382319,0.002320822862165169,0.001826446394485012,0.0803177417109818,0.11943791695937976,0.08640934229815084,0.026422386900595275,1.1619210138756992,-0.015014770848578496,130.44,130.23,0.022833032532867094,0.002069917203311946,0.001609935602575958,0.07050905744817426,0.10408479909015883,0.08177754331066316,0.014901664145234486,0.6526362244605148,-0.01348382698280437
2022-10-07,19,2022-10-07T18:15:00.000Z,ELEVATED,ELEVATED,HIGH,ELEVATED,ELEVATED,HIGH,363.43,363.6699,0.02274026081382319,0.0011831714497977789,0,0,0.09195966420968052,0.09108258872822031,0.025779728701265207,1.1336602034746412,-0.014364582486381172,130.23,130.25,0.022833032532867094,0.0009982338938800234,0,0,0.07734873225444555,0.08202887137626977,0.014750378214825936,0.6460104759888311,-0.013332323308840155
2022-10-07,20,2022-10-07T18:30:00.000Z,ELEVATED,ELEVATED,HIGH,ELEVATED,ELEVATED,HIGH,363.6699,362.68,0.02274026081382319,0.002859461286182851,0.002721973965950928,0.11969844973353663,0.14389448952713563,0.15023698278222142,0.028431530916842015,1.2502728596480852,-0.01704745643277239,130.25,130,0.022833032532867094,0.0020729366602687924,0.0019193857965451055,0.08406179922803676,0.1183926380327694,0.114006802714081,0.016641452344931838,0.7288323318848355,-0.015226119233391344
2022-10-07,21,2022-10-07T18:45:00.000Z,ELEVATED,ELEVATED,HIGH,ELEVATED,ELEVATED,HIGH,362.68,362.5386,0.02274026081382319,0.0009098930186389767,0.0003898753722290527,0.017144718586167576,0.09093733337781257,0.14803787590467507,0.028810321535371823,1.2669301276377096,-0.017430685421579106,130,129.94,0.022833032532867094,0.0007692307692307255,0.00046153846153847904,0.020213629568219454,0.07748558001150152,0.11176646569885955,0.01709531013615727,0.7487095772998773,-0.015680630255283656
2022-10-07,22,2022-10-07T19:00:00.000Z,ELEVATED,ELEVATED,HIGH,ELEVATED,ELEVATED,HIGH,362.5386,362.78,0.02274026081382319,0.0007133033558357684,0,0,0.07399121183187718,0.12775623902389097,0.02816364504800921,1.2384926135451044,-0.0167764316882133,129.94,130.0063,0.022833032532867094,0.0005387101739263751,0,0,0.06235413666764987,0.08955208607676632,0.01659379727685309,0.7267452211162528,-0.015178395576092574
2022-10-07,23,2022-10-07T19:15:00.000Z,ELEVATED,ELEVATED,HIGH,ELEVATED,ELEVATED,HIGH,362.78,362.395,0.02274026081382319,0.0011025966150283292,0.0010612492419648021,0.04666829684379422,0.13576231809104147,0.13287954588658718,0.029195005643015845,1.283846561041595,-0.017819876954766056,130.0063,129.87,0.022833032532867094,0.0010484107308646245,0.0010484107308646245,0.04591640332292637,0.13141591295871138,0.10041241682185509,0.01762481089258687,0.7718996969507563,-0.01621089311415791
2022-10-07,24,2022-10-07T19:30:00.000Z,ELEVATED,ELEVATED,HIGH,ELEVATED,ELEVATED,HIGH,362.395,361.62,0.02274026081382319,0.0030491590667640596,0.002138550476689737,0.09404247797324163,0.15896212405800048,0.11033241821767967,0.03127112112647075,1.3751434683397246,-0.019920318725099695,129.87,129.59,0.022833032532867094,0.0029260029260028907,0.0021560021560021645,0.09442469601436862,0.14838166516543505,0.10923502451117514,0.01974281391830549,0.8646601755542818,-0.018331944549655255
2022-10-07,25,2022-10-07T19:45:00.000Z,ELEVATED,ELEVATED,HIGH,ELEVATED,ELEVATED,HIGH,361.62,362.59,0.02274026081382319,0.0018804269675350004,0,0,0.23530604595769028,0.16060250143252985,0.02867262819879171,1.2608750811407754,-0.01729137870287567,129.59,129.9631,0.022833032532867094,0.0015433289605680765,0,0,0.21967380437205727,0.1655991691390716,0.016920574886535488,0.7410568378150867,-0.015505643511855127
2022-10-14,3,2022-10-14T14:15:00.000Z,ELEVATED,ELEVATED,HIGH,ELEVATED,ELEVATED,HIGH,366.6,362.1101,0.02447955292933136,0.013284233496999465,0.012247408619749137,0.5003117767348729,0.5448951175379192,,0.02201128936423055,0.8991703985678863,-0.01747361280694615,131.5799,129.86,0.024236839446159442,0.013755140412783402,0.013071145364907524,0.5393089884489362,0.5675302855943551,,0.021401657874905614,0.8830218115876041,-0.016063039854523287
2022-10-14,5,2022-10-14T14:45:00.000Z,ELEVATED,ELEVATED,HIGH,ELEVATED,ELEVATED,HIGH,361.9501,360.4,0.02447955292933136,0.00447603136454455,0.0042826345399546595,0.17494741641393352,0.28554090931375053,0.5358485788651889,0.02662993572084485,1.087844038562359,-0.022113688780355578,129.6953,129.28,0.024236839446159442,0.0032021206628150903,0.0032021206628150903,0.13211791372090376,0.22905104232855794,0.5596944636411789,0.025772418990203376,1.0633572519822614,-0.02045764509774195
2022-10-14,9,2022-10-14T15:45:00.000Z,ELEVATED,ELEVATED,HIGH,ELEVATED,ELEVATED,HIGH,362.17,360.8101,0.02447955292933136,0.004970041693127568,0.003754866499157961,0.15338787068528878,0.20528415666388453,0.2651431467597555,0.025522335656025533,1.0425981115629246,-0.021000949667616453,129.7119,129.11,0.024236839446159442,0.0054112228716102625,0.00464028358230818,0.19145580398864578,0.22326437750396214,0.2759555449228114,0.027053504144687077,1.1162141914082764,-0.02174571904834044
2022-10-14,10,2022-10-14T16:00:00.000Z,ELEVATED,ELEVATED,HIGH,ELEVATED,ELEVATED,HIGH,360.8101,359.745,0.02447955292933136,0.004157588714949983,0.0029519683623046382,0.12058914518686306,0.16983924203813244,0.2223311334641994,0.028398962890941463,1.1601095401098551,-0.023890923890923954,129.11,128.78,0.024236839446159442,0.003020680040275848,0.0025559600340795637,0.10545764598381163,0.13102313591927506,0.25063364519599446,0.029540316503391017,1.2188188385293761,-0.0242460978936202
2022-10-14,11,2022-10-14T16:15:00.000Z,ELEVATED,ELEVATED,HIGH,ELEVATED,ELEVATED,HIGH,359.745,358.77,0.02447955292933136,0.0030229746070132377,0.0027102530959430228,0.11071497521899601,0.27374419565171626,0.23863982407946951,0.031032247609787744,1.2676803248561355,-0.026536426536426627,128.78,128.45,0.024236839446159442,0.002632396334834591,0.002562509706476258,0.10572788222526729,0.2207470025854717,0.25475025626500925,0.03202712886209495,1.3214234856504756,-0.02674647673889985
2022-10-14,12,2022-10-14T16:30:00.000Z,ELEVATED,ELEVATED,HIGH,ELEVATED,ELEVATED,HIGH,358.77,359.69,0.02447955292933136,0.0008919363380438532,0,0,0.14574389338216648,0.24758971354927717,0.028547507157132807,1.166177635659646,-0.024040157373490745,128.45,128.81,0.024236839446159442,0.0007006617360838848,0,0,0.14454478226019032,0.26893618065920716,0.02931424265259975,1.2094911433365487,-0.024018790725867434
2022-10-14,13,2022-10-14T16:45:00.000Z,ELEVATED,ELEVATED,HIGH,ELEVATED,ELEVATED,HIGH,359.69,360.56,0.02447955292933136,0.0013344824710167593,0,0,0.17944247101970104,0.21802668838124,0.026197806946470018,1.0701913969629668,-0.02167955501288832,128.81,129.17,0.024236839446159442,0.0008539709649872964,0,0,0.16976583873061335,0.2212879357850205,0.026601356443104757,1.0975588010226307,-0.02129110471283535
2022-10-14,14,2022-10-14T17:00:00.000Z,ELEVATED,ELEVATED,HIGH,ELEVATED,ELEVATED,HIGH,360.56,359.33,0.02447955292933136,0.0040215220767694385,0.003411360106501049,0.13935549053322632,0.16988907158908245,0.22894070772002947,0.029519796899476064,1.2058960792582731,-0.025016958350291718,129.17,128.7,0.024236839446159442,0.0040125416118292345,0.003638615777657342,0.15012748612459514,0.17194388464014604,0.24573420095224652,0.030143180105501134,1.2436926923769183,-0.024852250340960724
2022-10-14,15,2022-10-14T17:15:00.000Z,ELEVATED,ELEVATED,HIGH,ELEVATED,ELEVATED,HIGH,359.33,358.7721,0.02447955292933136,0.001586285587064796,0.0015526118053042078,0.06342484316549225,0.16711690169077228,0.2101874226593322,0.03102657591962396,1.267448633935139,-0.026530728530728465,128.7,128.5136,0.024236839446159442,0.0014483294483293855,0.0014483294483293855,0.05975735621580342,0.14631575845973172,0.22973431189028146,0.031547852298417424,1.30164877184168,-0.026264585543264052
2022-10-14,16,2022-10-14T17:30:00.000Z,ELEVATED,ELEVATED,HIGH,ELEVATED,ELEVATED,HIGH,358.7721,359.411,0.02447955292933136,0.0007305473307429206,0,0,0.11272313273182323,0.19620778032316805,0.029301031707448792,1.1969594294485806,-0.02479717813051152,128.5136,128.728,0.024236839446159442,0.0006131646767346109,0,0,0.09413234775470071,0.21010534824072807,0.029932177844762473,1.2349868435302735,-0.024640096984391402
2022-10-14,17,2022-10-14T17:45:00.000Z,ELEVATED,ELEVATED,HIGH,ELEVATED,ELEVATED,HIGH,359.411,359.3701,0.02447955292933136,0.0006983648246714106,0.00011379729613178761,0.0046486672554969695,0.10341863901648887,0.1695768076776778,0.0294114946253984,1.2014718859574267,-0.024908153574820346,128.728,128.68,0.024236839446159442,0.0007612951339258994,0.00037287924926979226,0.015384813275597225,0.08012923581039917,0.1763063915503643,0.0302938960060285,1.2499111558387972,-0.025003788452795717
2022-10-14,18,2022-10-14T18:00:00.000Z,ELEVATED,ELEVATED,HIGH,ELEVATED,ELEVATED,HIGH,359.3701,360.12,0.02447955292933136,0.0004176752601286311,0,0,0.10798866761349,0.12885140054103322,0.02738616107600061,1.118736161361287,-0.022873422873422866,128.68,128.87,0.024236839446159442,0.0004654958035436661,0,0,0.08012706183473708,0.11071152594738541,0.028862094951017214,1.1908357529508942,-0.023564176390362013
2022-10-14,19,2022-10-14T18:15:00.000Z,ELEVATED,ELEVATED,HIGH,ELEVATED,ELEVATED,HIGH,360.12,358.73,0.02447955292933136,0.003943130067755237,0.003859824502943425,0.15767544914264303,0.16448158363800924,0.1934981135648426,0.031140279803381334,1.2720934852559787,-0.026644959978293303,128.87,128.51,0.024236839446159442,0.002871110421354889,0.002793512842399423,0.11525895728298359,0.11846059498528566,0.14822525962080904,0.03157498116051242,1.302768095264821,-0.026291862403394428
2022-10-14,20,2022-10-14T18:30:00.000Z,ELEVATED,ELEVATED,HIGH,ELEVATED,ELEVATED,HIGH,358.73,358.38,0.02447955292933136,0.002592479023220826,0.0009756641485240228,0.03985628950580154,0.12070761964613422,0.18367913230344377,0.03208556149732619,1.3107086387546452,-0.027594627594627608,128.51,128.35,0.024236839446159442,0.0028013384172436793,0.001245039296552771,0.05136970516797557,0.12200304977394312,0.1409664026947853,0.03278070836473244,1.3525158029598967,-0.027504167298075477
2022-10-14,21,2022-10-14T18:45:00.000Z,ELEVATED,ELEVATED,HIGH,ELEVATED,ELEVATED,HIGH,358.38,358.0999,0.02447955292933136,0.002288074111278512,0.0007815726324013741,0.03192756970103384,0.1094268722348852,0.18637538261129916,0.032842056932966025,1.3416117944545762,-0.028354633021299702,128.35,128.26,0.024236839446159442,0.0021449162446434532,0.0007012076353720562,0.02893147998647857,0.08849818266974309,0.143079924319911,0.033458929917106243,1.3804988885383787,-0.028186088801333553
2022-10-14,22,2022-10-14T19:00:00.000Z,ELEVATED,ELEVATED,HIGH,ELEVATED,ELEVATED,HIGH,358.0999,358.4683,0.02447955292933136,0.0010888023146613877,0,0,0.08783812231088349,0.17098413877002752,0.03184708042996811,1.3009665871719818,-0.027355040021706745,128.26,128.3,0.024236839446159442,0.0008973959145484485,0,0,0.06597789248226504,0.13010025311490014,0.03315749811605107,1.3680619616146028,-0.027883012577663124
2022-10-14,23,2022-10-14T19:15:00.000Z,ELEVATED,ELEVATED,HIGH,ELEVATED,ELEVATED,HIGH,358.4683,357.86,0.02447955292933136,0.002059596343665482,0.001696942240080882,0.0693208019353821,0.1880311083238231,0.09580919595507693,0.03348998001404412,1.3680797239526579,-0.02900556233889562,128.3,128.2024,0.024236839446159442,0.0010381917381139237,0.0007607170693686664,0.03138680978015099,0.16503802027842082,0.06801897128578367,0.0338929917106253,1.3984080633085996,-0.028622518563418575
2022-10-14,24,2022-10-14T19:30:00.000Z,ELEVATED,ELEVATED,HIGH,ELEVATED,ELEVATED,HIGH,357.86,358.705,0.02447955292933136,0.0013413066562343323,0,0,0.1643788177144928,0.1299811594524788,0.031207799924377482,1.274851710505887,-0.026712793379460087,128.2024,128.5025,0.024236839446159442,0.0016567552557519715,0,0,0.1770070434584861,0.10637535444862944,0.031631499623210185,1.3051000190630258,-0.02634868919533262
2022-10-14,25,2022-10-14T19:45:00.000Z,ELEVATED,ELEVATED,HIGH,ELEVATED,ELEVATED,HIGH,358.705,358.5,0.02447955292933136,0.0016587446508968943,0.0005715002578720233,0.02334602513051832,0.15032562523066542,0.12814354839394368,0.03176146491654511,1.2974691575551027,-0.027269027269027246,128.5025,128.42,0.024236839446159442,0.0017314838232718943,0.0006420108558200053,0.02648905016044648,0.1476965221067161,0.10573719912247656,0.032253202712886224,1.330751180843303,-0.026973783906652504
2022-11-02,23,2022-11-02T19:15:00.000Z,ELEVATED,ELEVATED,HIGH,HIGH,HIGH,HIGH,380.49,381.1299,0.021141357526869426,0.0012878130831296725,0,0,0.39656516756386556,0.6730302888813015,0.019298818928029166,0.9128467225201361,-0.007215681166970467,138.53,138.76,0.020207780664852636,0.001515917129863625,0,0,0.4000880400159149,0.6524075235733159,0.0333681644026473,1.651253294761087,-0.006301919220853547
2022-11-04,1,2022-11-04T13:45:00.000Z,ELEVATED,ELEVATED,HIGH,ELEVATED,ELEVATED,HIGH,377,372.84,0.022542951432674672,0.01111405835543766,0.011034482758620756,0.48948704838297824,0.5365531107274925,,0.012004133873916923,0.5325005427868528,-0.011034482758620734,137.6988,136.8739,0.02279216806818165,0.006454667724047002,0.005990611392401485,0.2628363995246466,0.37279499023375945,,0.008016379185389172,0.35171639492164886,-0.005990611392401535
2022-12-13,14,2022-12-13T18:00:00.000Z,ELEVATED,ELEVATED,HIGH,ELEVATED,ELEVATED,HIGH,400.55,400.0112,0.016067901935987727,0.003694919485707198,0.0013451504181751029,0.08371661860608771,0.27967689957488556,0.27879103814617423,0.025527540256766387,1.5887289055201193,-0.02488615864658006,146.63,146.365,0.015938238615096453,0.003478142262838375,0.0018072699993179184,0.113392078194017,0.265294673510546,0.21887334951818915,0.024753464818763348,1.5530865998779344,-0.024753464818763393
2022-12-22,13,2022-12-22T17:45:00.000Z,ELEVATED,ELEVATED,HIGH,ELEVATED,ELEVATED,HIGH,376.72,376.44,0.018182333281961657,0.0016192397536632342,0.0007432575918454808,0.04087800945673196,0.12117409946101176,0.23127610222814415,0.025305698870106478,1.3917740081913346,-0.017256232867771892,138.72,138.56,0.017539972423567318,0.001797866205305713,0.0011534025374855578,0.06575851487290858,0.11487190566861998,0.2397602206028043,0.01650282145011881,0.9408692928128579,-0.016118724703543363
2022-12-22,14,2022-12-22T18:00:00.000Z,ELEVATED,ELEVATED,HIGH,ELEVATED,ELEVATED,HIGH,376.44,376.55,0.018182333281961657,0.0003719052172988693,0,0,0.05405754832243511,0.23137819193452194,0.025020882237643666,1.3761095371882992,-0.01696906409084975,138.56,138.6,0.017539972423567318,0.00019269630484992258,0,0,0.043903347838668706,0.24031194277813936,0.01621890194129962,0.9246822942268335,-0.015834694312291564
2022-12-22,15,2022-12-22T18:15:00.000Z,ELEVATED,ELEVATED,HIGH,ELEVATED,ELEVATED,HIGH,376.55,375.9879,0.018182333281961657,0.0035320674545212694,0.0014927632452529191,0.08209965256405573,0.1942582065650158,0.235831692615133,0.026476295229528428,1.4561549840137982,-0.0184364965409215,138.6,138.42,0.017539972423567318,0.0034632034632033895,0.001298701298701348,0.07404237973352613,0.19744634595605798,0.2427987526058881,0.01749653973098629,0.997523787863961,-0.01711283107292494
2022-12-22,16,2022-12-22T18:30:00.000Z,ELEVATED,ELEVATED,HIGH,ELEVATED,ELEVATED,HIGH,375.9879,375.49,0.018182333281961657,0.0017231937517139505,0.0013242447429824618,0.07283139751355341,0.09654292500290333,0.11821192559428191,0.027765478877739534,1.5270580759448036,-0.019736326850280594,138.42,138.305,0.017539972423567318,0.0012649906082935001,0.0008308047969945144,0.04736636848289546,0.07212044453352816,0.11099961734696973,0.018312808318841498,1.044061408798783,-0.01792941844777396
2022-12-22,17,2022-12-22T18:45:00.000Z,ELEVATED,ELEVATED,HIGH,ELEVATED,ELEVATED,HIGH,375.49,375.85,0.018182333281961657,0.0019174944738875263,0,0,0.15965352375341352,0.12281473385576133,0.026833351716952225,1.4757925344803287,-0.018796501762171958,138.305,138.35,0.017539972423567318,0.002132966993239694,0,0,0.140156140517238,0.09132818921462976,0.01799339887141993,1.0258510353895067,-0.01760988425761567
2022-12-22,18,2022-12-22T19:00:00.000Z,ELEVATED,ELEVATED,HIGH,ELEVATED,ELEVATED,HIGH,375.85,375.53,0.018182333281961657,0.0014101370227485154,0.0008514034854331515,0.046825865098282654,0.08340857220630195,0.13045243659516734,0.02766190919320771,1.5213619046709783,-0.019631901840490906,138.35,138.26,0.017539972423567318,0.0011564871702204307,0.0006505240332490308,0.03708808757161808,0.07005527652417139,0.09718785146262347,0.018632217766263264,1.0622717822080705,-0.01824895263793236
2023-03-10,18,2023-03-10T19:00:00.000Z,ELEVATED,ELEVATED,HIGH,ELEVATED,ELEVATED,HIGH,385.2919,384.91,0.015026003391947075,0.0025225030684527887,0.0009911965447495087,0.06596541468110696,0.2003662765909691,0.32865608611402974,0.020983823379794483,1.3965006417501806,-0.015550269827872776,139.96,139.88,0.015451600703378183,0.0022149185481566322,0.0005715918833953451,0.03699240579459046,0.1895860796972449,0.3555837464440408,0.025298479694182974,1.6372724211448182,-0.02270663033605813
2025-04-04,12,2025-04-04T16:30:00.000Z,ELEVATED,ELEVATED,HIGH,ELEVATED,ELEVATED,HIGH,516.67,512.39,0.020506592484612576,0.009309617357307268,0.008283817523757859,0.4039587527754181,0.4898471791832733,0.44657894704998896,0.02563371175385555,1.2500229754451007,-0.021540283002654315,160.1,159.055,0.017857881260143815,0.007307932542161072,0.006527170518425906,0.3655064351331307,0.44420399293691376,0.4204049096374167,0.024850958013198476,1.391596105449653,-0.02330365366902054
2025-04-04,13,2025-04-04T16:45:00.000Z,ELEVATED,ELEVATED,HIGH,ELEVATED,ELEVATED,HIGH,512.39,512.11,0.020506592484612576,0.002888424832646932,0.0005464587521223535,0.026647954921442795,0.32834087313923677,0.4456531888273145,0.026166162739840626,1.2759878443712573,-0.02207497087860666,159.055,158.88,0.017857881260143815,0.0022948036842602186,0.001100248341768642,0.061611359474331134,0.3027758237024124,0.41786799594419705,0.025923864129621735,1.4516763636165515,-0.024378262204482692
2025-04-04,14,2025-04-04T17:00:00.000Z,ELEVATED,ELEVATED,HIGH,ELEVATED,ELEVATED,HIGH,512.11,512.075,0.020506592484612576,0.001776961980824481,0.0000683446915701083,0.003332815611437724,0.18663767424068037,0.43603375677190104,0.026232719113088707,1.2792334529870242,-0.022141806863100633,158.88,158.79,0.017857881260143815,0.002014098690835808,0.0005664652567976046,0.03172074270993572,0.18679992929183697,0.40981805201791316,0.02647564441806797,1.4825747821023842,-0.024930918022720294
2025-04-04,15,2025-04-04T17:15:00.000Z,ELEVATED,ELEVATED,HIGH,ELEVATED,ELEVATED,HIGH,512.075,509.75,0.020506592484612576,0.005145730605868374,0.004540350534589748,0.22140931205399758,0.39520371828992673,0.46143903017570054,0.0306539639074296,1.4948345967488872,-0.026581625833062783,158.79,158.09,0.017857881260143815,0.0049121481201587075,0.0044083380565526084,0.24685672350120144,0.440815577680724,0.4464698883416694,0.030767268883760652,1.7228958147699585,-0.029229352164568567
2025-04-04,16,2025-04-04T17:30:00.000Z,ELEVATED,ELEVATED,HIGH,ELEVATED,ELEVATED,HIGH,509.75,511.16,0.020506592484612576,0.0027954879843060548,0,0,0.35921892252055965,0.26064854383244235,0.02797269287086158,1.3640829353707256,-0.02388909045773091,158.09,158.71,0.017857881260143815,0.0027206021886267955,0,0,0.43217644894965235,0.33759461574830085,0.026966115785575614,1.5100400429786733,-0.02542216763893146
2025-04-04,19,2025-04-04T18:15:00.000Z,ELEVATED,ELEVATED,HIGH,ELEVATED,ELEVATED,HIGH,514.57,511.56,0.020506592484612576,0.006121616106652222,0.00584954427968993,0.28525189077996366,0.416979508116887,0.3904872878562118,0.02721204860516858,1.3269902654762142,-0.023125250634941752,159.63,158.88,0.017857881260143815,0.005011589300256737,0.004698364968990791,0.2630975590299649,0.42095609444793985,0.41228851793957,0.025923864129621735,1.4516763636165515,-0.024378262204482692
2025-04-04,23,2025-04-04T19:15:00.000Z,ELEVATED,ELEVATED,HIGH,HIGH,HIGH,HIGH,507.78,510.165,0.020506592484612576,0.002737405963212388,0,0,0.41103109377383523,0.4841920470410328,0.02986479548177303,1.4563509517333277,-0.025789142016918953,157.685,158.27,0.017857881260143815,0.0024701144687192707,0,0,0.3886829162303253,0.5604931527776054,0.029663708306868188,1.6610989777982932,-0.028124040528093253
2025-04-04,24,2025-04-04T19:30:00.000Z,ELEVATED,ELEVATED,HIGH,ELEVATED,ELEVATED,HIGH,510.165,510.52,0.020506592484612576,0.004988582125390836,0,0,0.42249162840958177,0.40788769967144217,0.02918972369597053,1.4234312072019506,-0.025111234174193586,158.27,158.42,0.017857881260143815,0.004106905920262877,0,0,0.4458019992706199,0.4445958834896671,0.02874407449279131,1.6096016136552487,-0.02720294749769736
2025-04-04,25,2025-04-04T19:45:00.000Z,ELEVATED,ELEVATED,HIGH,ELEVATED,ELEVATED,HIGH,510.52,512.2183,0.020506592484612576,0.0010773329154586588,0,0,0.3772748441645009,0.33738502623709254,0.025960218304904265,1.2659450039973192,-0.021868161246586526,158.42,158.68,0.017857881260143815,0.0008837268021713569,0,0,0.3711499096524129,0.3313901201257174,0.027150042548391023,1.5203395158072843,-0.02560638624501066
2025-04-07,16,2025-04-07T17:30:00.000Z,ELEVATED,ELEVATED,HIGH,SEVERE,SEVERE,SEVERE,501.51,505.62,0.024698688481689147,0.0017746405854319682,0,0,0.42949502993807975,0.6222694182916698,0.033545501462239724,1.3581895851315884,0.03358613217768158,155.29,156.51,0.021926793922015134,0.0014810998776482052,0,0,0.44640079879721656,0.6871783460584758,0.032036613272311255,1.4610714811409602,0.018680031241864237
2025-04-07,17,2025-04-07T17:45:00.000Z,ELEVATED,ELEVATED,HIGH,HIGH,HIGH,HIGH,505.62,507,0.024698688481689147,0.006843083738776116,0,0,0.3955749775431585,0.6166223357634528,0.03090773553529438,1.251391771599874,0.036407121977145795,156.51,156.94,0.021926793922015134,0.006453261772410651,0,0,0.42980829611819854,0.6701027438740672,0.02937720329024677,1.339785624598369,0.02147878156730032
2025-04-07,19,2025-04-07T18:15:00.000Z,ELEVATED,ELEVATED,HIGH,HIGH,HIGH,HIGH,509.09,506.19,0.024698688481689147,0.007680370857805041,0.005696438743640569,0.2306372967076262,0.3833350931485398,0.4509532240616814,0.03245598944893622,1.3140774447597936,0.03475132361659061,157.55,156.81,0.021926793922015134,0.006664550936210798,0.004696921612186665,0.21420922862191996,0.3994712641868175,0.47051447584578804,0.03018121095924297,1.376453441692639,0.020632647747982347
2025-04-07,20,2025-04-07T18:30:00.000Z,ELEVATED,ELEVATED,HIGH,ELEVATED,ELEVATED,HIGH,506.19,505.19,0.024698688481689147,0.003022580453979677,0.001975542780378909,0.07998573615937202,0.46471712708595164,0.31568850050153896,0.03436741403367923,1.3914671647103118,0.03270712810973242,156.81,156.41,0.021926793922015134,0.003571200816274487,0.0025508577259103736,0.11633518949385659,0.4740658971874575,0.3264079815380835,0.032655080710000624,1.489277494290398,0.018029159073158052
2025-04-07,21,2025-04-07T18:45:00.000Z,ELEVATED,ELEVATED,HIGH,ELEVATED,ELEVATED,HIGH,505.19,506.69,0.024698688481689147,0.0007521922445020595,0,0,0.28290854657928327,0.31921754212731496,0.03150027715656472,1.2753825847845348,0.03577342137001982,156.41,156.67,0.021926793922015134,0.0007032798414422685,0,0,0.24492867614292427,0.3107883775905043,0.03104706537200823,1.4159418601018583,0.019721426711793777
2025-04-07,22,2025-04-07T19:00:00.000Z,ELEVATED,ELEVATED,HIGH,ELEVATED,ELEVATED,HIGH,506.69,503.21,0.024698688481689147,0.008703546547198534,0.006868104758333534,0.2780756866270586,0.4314967551109535,0.3890620489324389,0.038152034711470426,1.544698810212339,0.028659621006152936,156.67,155.64,0.021926793922015134,0.007914725218612247,0.006574328205782864,0.2998308019478419,0.4366467989531673,0.3937833495858135,0.03741727998020911,1.7064637955410837,0.013017443374121251
2025-04-08,13,2025-04-08T16:45:00.000Z,ELEVATED,ELEVATED,HIGH,ELEVATED,ELEVATED,HIGH,513.96,508.54,0.02883409803101439,0.01241341738656715,0.010545567748462945,0.3657325343459668,0.47369785813813536,0.391853331245794,0.031315478684902275,1.0860571622951019,-0.02552408691986352,158.08,156.58,0.025728351965745452,0.010754048582996058,0.009488866396761133,0.3688097243614571,0.46224152119969175,0.392900942468856,0.025637834474175336,0.9964817998568027,-0.02338925965196781
2025-04-08,14,2025-04-08T17:00:00.000Z,ELEVATED,ELEVATED,HIGH,ELEVATED,ELEVATED,HIGH,508.54,507.1442,0.02883409803101439,0.0029889487552602323,0.0027447201793369415,0.09519008281045167,0.30552483951198073,0.4008157560088911,0.03397424663796717,1.1782663220962888,-0.02819875062277244,156.58,155.85,0.025728351965745452,0.00498147911610679,0.004662153531741079,0.18120684674821913,0.34007312334938317,0.43256357381692884,0.030180460485376443,1.1730428954625036,-0.027942368864217637
2025-04-08,15,2025-04-08T17:15:00.000Z,ELEVATED,ELEVATED,HIGH,ELEVATED,ELEVATED,HIGH,507.1442,505.08,0.02883409803101439,0.007244882224818868,0.004070242743582649,0.1411607444493195,0.34876455609510465,0.4141230250223318,0.037906205950702945,1.3146312365980881,-0.03215421760625459,155.85,155.14,0.025728351965745452,0.007571382739813968,0.004555662495989785,0.17706779284017735,0.38905036173334356,0.45755800516710016,0.0345986309894213,1.3447667007776354,-0.03237073535832358
2025-04-08,17,2025-04-08T17:45:00.000Z,ELEVATED,ELEVATED,HIGH,SEVERE,SEVERE,SEVERE,502.45,507.78,0.02883409803101439,0.0008359040700567537,0,0,0.488690657452054,0.4437892170228812,0.03276315288201464,1.1362641843963386,-0.026980416203579605,154.44,155.99,0.025728351965745452,0.0009065009065008182,0,0,0.49578623507427455,0.49710294565992824,0.029309271935283012,1.139181863428531,-0.02706916983721075
2025-04-08,18,2025-04-08T18:00:00.000Z,ELEVATED,ELEVATED,HIGH,HIGH,HIGH,HIGH,507.78,506.72,0.02883409803101439,0.006498877466619313,0.002087518216550367,0.07239755564072096,0.23563355373632017,0.4394645871319701,0.03478227742009218,1.2062897678533184,-0.02901161230981486,155.99,155.6,0.025728351965745452,0.00634656067696653,0.0025001602666838564,0.09717529789753157,0.2466757562014192,0.472988853776513,0.03173615432482884,1.2335090240945916,-0.02950165284101547
2025-04-10,10,2025-04-10T16:00:00.000Z,NORMAL,NORMAL,HIGH,NORMAL,NORMAL,HIGH,521.69,518.6143,0.034422778597591,0.007245682301750246,0.005895646840077626,0.17127167184842598,0.26896061873000565,0.25461240059464807,0.027892857477577197,0.8103023234600014,-0.025472499389292858,158.63,158.06,0.031435720319820525,0.005295341360398433,0.003593267351698879,0.11430523350957825,0.2245997570714556,0.2170082358282694,0.026129261223604608,0.8311965165032296,-0.025223558433549176
2025-04-10,11,2025-04-10T16:15:00.000Z,NORMAL,NORMAL,HIGH,NORMAL,NORMAL,HIGH,518.6143,516.275,0.034422778597591,0.005677244148493396,0.004510673924725909,0.13103747310629882,0.24758929215143646,0.28621721350344337,0.0322777158173929,0.9376847870047245,-0.029868275175225945,158.06,157.2,0.031435720319820525,0.005820574465392989,0.005440971782867352,0.173082459301458,0.28176214304888175,0.27723029375951547,0.03142806443344716,0.9997564590123759,-0.03052728954671613
2025-04-10,13,2025-04-10T16:45:00.000Z,ELEVATED,ELEVATED,HIGH,SEVERE,SEVERE,SEVERE,511.86,517.86,0.034422778597591,0.0006785058414410549,0,0,0.4158597204058561,0.4734788135682857,0.029306741394014922,0.8513764021381438,-0.026889903602232312,156.09,157.85,0.031435720319820525,0.0003901595233519362,0,0,0.4363127310194289,0.47130938702201103,0.027423155030659212,0.8723565024647661,-0.026518655565834215
2025-04-10,14,2025-04-10T17:00:00.000Z,ELEVATED,ELEVATED,HIGH,HIGH,HIGH,HIGH,517.86,519.76,0.034422778597591,0.004711698142355182,0,0,0.28777898372828964,0.4541018859074534,0.025745320949587182,0.7479152467775774,-0.023319615912208436,157.85,158.285,0.031435720319820525,0.004307887234716546,0,0,0.3022896352570664,0.4655661368385663,0.024742946430331907,0.7870965315444431,-0.023835954363243927
2025-04-10,15,2025-04-10T17:15:00.000Z,ELEVATED,ELEVATED,HIGH,HIGH,HIGH,HIGH,519.76,514.61,0.034422778597591,0.0120440203170694,0.009908419270432465,0.28784484211062156,0.6259926663376677,0.5214329837633127,0.03539864478579929,1.0283494310443777,-0.0329969746509573,158.285,156.83,0.031435720319820525,0.011340303882237657,0.009192279748554721,0.2924151142405635,0.6571803598396204,0.5218245769310481,0.033707782093495516,1.072276434277933,-0.03280912735121799
2025-04-10,16,2025-04-10T17:30:00.000Z,ELEVATED,ELEVATED,HIGH,ELEVATED,ELEVATED,HIGH,514.61,519.32,0.034422778597591,0.003381201298070401,0,0,0.37935440227239986,0.5299724302241735,0.02657007094724403,0.7718746722294951,-0.02414641937726647,156.83,158.04,0.031435720319820525,0.0029968755977810295,0,0,0.35699333592032445,0.5311161717707908,0.026252489205228914,0.8351165151662349,-0.025346901017576418
2025-04-10,25,2025-04-10T19:45:00.000Z,ELEVATED,ELEVATED,HIGH,ELEVATED,ELEVATED,HIGH,522.43,518.8,0.034422778597591,0.008096778515781836,0.00694829929368527,0.20185178468339948,0.4159370108627578,0.32135345047609104,0.02754477548992971,0.8001903568544977,-0.025123550745062673,159.07,157.9,0.031435720319820525,0.008549695102784844,0.0073552524046016695,0.23397753669299928,0.4559562253504652,0.3720716493564939,0.027115085076598534,0.8625565058072555,-0.02621029910576622
2025-04-11,4,2025-04-11T14:30:00.000Z,NORMAL,NORMAL,HIGH,NORMAL,NORMAL,HIGH,526.315,520.69,0.038780047483528986,0.011865517798276704,0.010687516031274045,0.2755931651660134,0.3707156771961981,0.30587372832763127,0.015411088419937933,0.3973973581771263,-0.004435861647004713,159.47,157.9001,0.03453947654147882,0.010660312284442143,0.00984448485608572,0.2850212522550356,0.3667386009014399,0.29606413855577446,0.013186050871820398,0.38176753651680656,-0.00934751239099052
2025-04-16,22,2025-04-16T19:00:00.000Z,NORMAL,NORMAL,HIGH,HIGH,HIGH,HIGH,523.9499,522.84,0.0343096727480183,0.0023664476317295235,0.002118332306199362,0.0617415479814425,0.0884485640963106,0.17007285669297595,0.02797138572640189,0.815262387718854,-0.016626542281071188,161.33,160.96,0.030997851337879724,0.00229343581478959,0.00229343581478959,0.07398692863550144,0.09398339583428422,0.17108184922219694,0.019015114578254538,0.6134333109410668,-0.011909146715776586
2025-04-16,23,2025-04-16T19:15:00.000Z,NORMAL,NORMAL,HIGH,ELEVATED,ELEVATED,HIGH,522.84,521.98,0.0343096727480183,0.0038252620304490854,0.0016448626730931329,0.047941660218491555,0.13657798550616185,0.1379754503204742,0.029570239311198978,0.8618630532670101,-0.018244056575383527,160.96,160.731,0.030997851337879724,0.0033548707753480395,0.0014227137176939203,0.04589717210351764,0.13428430266094213,0.12830315504286074,0.02041077523159445,0.6584577430582181,-0.01331491712707189
2025-04-16,24,2025-04-16T19:30:00.000Z,NORMAL,NORMAL,HIGH,ELEVATED,ELEVATED,HIGH,521.98,520.665,0.0343096727480183,0.0032376719414538,0.002519253611249578,0.0734269204417022,0.11502620236494644,0.15622599349658767,0.0320149979902783,0.9331187220993666,-0.020717348781221778,160.731,160.27,0.030997851337879724,0.003241440667948228,0.0028681461572439937,0.0925272570018131,0.11841883217152258,0.15787193122787138,0.023220380302291576,0.7490964470145712,-0.016144874155923805
2025-04-16,25,2025-04-16T19:45:00.000Z,NORMAL,NORMAL,HIGH,NORMAL,NORMAL,HIGH,520.665,522.46,0.0343096727480183,0,0,0,0.13071093599858621,0.1469647009146136,0.02867785591503314,0.8358533794726898,-0.01734125789948826,160.27,160.68,0.030997851337879724,0,0,0,0.11473370751310102,0.15150161573909685,0.020721599219892767,0.6684850183332139,-0.013627992633517438
